pair,trades,profit_usdt,wins,losses
ADA/USDT:USDT,100,-771.48529421,51,49
BNB/USDT:USDT,187,125.87774016000003,67,119
BTC/USDT:USDT,28,234.64861475,23,5
ETH/USDT:USDT,18,-407.77687326,9,9
LINK/USDT:USDT,106,-94.81312662999999,56,50
SOL/USDT:USDT,202,136.26778232,111,91
