pair,trades,profit_usdt,wins,losses
ADA/USDT:USDT,68,789.77119037,46,22
BNB/USDT:USDT,205,92.64442836999999,86,119
BTC/USDT:USDT,35,593.52663232,35,0
ETH/USDT:USDT,100,-570.96752417,52,48
LINK/USDT:USDT,50,893.83956844,44,6
SOL/USDT:USDT,132,778.4496495000001,92,40
